{
  "myPokedexArray": [
    {
      "nome": "IVYSAUR",
      "descrizione": "weight: 130 - type: grass",
      "img": "https://raw.githubusercontent.com/PokeAPI/sprites/master/sprites/pokemon/other/official-artwork/2.png",
      "id": 1
    },
    {
      "nome": "VENUSAUR",
      "descrizione": "weight: 1000 - type: grass",
      "img": "https://raw.githubusercontent.com/PokeAPI/sprites/master/sprites/pokemon/other/official-artwork/3.png",
      "id": 2
    },
    {
      "nome": "CHARMANDER",
      "descrizione": "weight: 85 - type: fire",
      "img": "https://raw.githubusercontent.com/PokeAPI/sprites/master/sprites/pokemon/other/official-artwork/4.png",
      "id": 3
    }
  ]
}